date,Close
2003-01-03,0.03721302486506772
2003-01-10,0.020674293840557745
2003-01-17,-0.0281976508452777
2003-01-24,-0.04581161955155011
2003-01-31,-0.006639139034015251
2003-02-07,-0.03086772198858334
2003-02-14,0.006247858153296981
2003-02-21,0.015781069742769382
2003-02-28,-0.008311035657563082
2003-03-07,-0.014682557257782669
2003-03-14,0.00527026886210713
2003-03-21,0.07234824264363038
2003-03-28,-0.03671208835875728
2003-04-04,0.0176203097637595
2003-04-11,-0.012076944104001619
2003-04-17,0.02869862190393757
2003-04-25,0.005835778819394122
2003-05-02,0.03419895826121522
2003-05-09,0.0035738958215549843
2003-05-16,0.011599381508604623
2003-05-23,-0.011802959085688514
2003-05-30,0.03202498048147007
2003-06-06,0.024773842426426107
2003-06-13,0.0008601375800623146
2003-06-20,0.007136065203097175
2003-06-27,-0.019748025024805216
2003-07-03,0.009664119703723273
2003-07-11,0.012541501216657203
2003-07-18,-0.004840687092603879
2003-07-25,0.00538152503593281
2003-08-01,-0.018728754342987486
2003-08-08,-0.002615258811097476
2003-08-15,0.013291077889942216
2003-08-22,0.0024096184252009323
2003-08-29,0.014942295971034802
2003-09-05,0.013186359230274114
2003-09-12,-0.0027058672532058736
2003-09-19,0.017198132359145468
2003-09-26,-0.03881172026077895
2003-10-03,0.032568133033125335
2003-10-10,0.007940506114153756
2003-10-17,0.0012129578136281793
2003-10-24,-0.010066578677187188
2003-10-31,0.020966066499510383
2003-11-07,0.0023765174239676057
2003-11-14,-0.0027191873280321133
2003-11-21,-0.014451469567002384
2003-11-28,0.021897355639824312
2003-12-05,0.00311369697832653
2003-12-12,0.011837353212342805
2003-12-19,0.013427258020237254
2003-12-26,0.00661921881917138
2004-01-02,0.011422857256173202
2004-01-09,0.01199831929183226
2004-01-16,0.01589108111629578
2004-01-23,0.0015079410901925883
2004-01-30,-0.009169893489728409
2004-02-06,0.010229260284870811
2004-02-13,0.002665464210269697
2004-02-20,-0.001484832902183264
2004-02-27,0.0007251532847245556
2004-03-05,0.010357242975717718
2004-03-12,-0.031871989102643106
2004-03-19,-0.009675612614955753
2004-03-26,-0.0015510318837845816
2004-04-02,0.0300039825535503
2004-04-08,-0.002183228473285226
2004-04-16,-0.00414257948005492
2004-04-23,0.005265452368827361
2004-04-30,-0.02962975472503615
2004-05-07,-0.007797045847172335
2004-05-14,-0.0027342344175966815
2004-05-21,-0.001954900442812324
2004-05-28,0.02449720884639195
2004-06-04,0.0016226485217538666
2004-06-10,0.01236860097779413
2004-06-18,-0.001276652067741857
2004-06-25,-0.0005199197991174742
2004-07-02,-0.008009608902173504
2004-07-09,-0.011232359896619748
2004-07-16,-0.010315368875783548
2004-07-23,-0.013887710563420974
2004-07-30,0.014187247131784098
2004-08-06,-0.03486540086217094
2004-08-13,0.0007798663399727346
2004-08-20,0.031021997710303673
2004-08-27,0.00853997177688015
2004-09-03,0.005275950776166383
2004-09-10,0.009197659329806207
2004-09-17,0.004111052604221399
2004-09-24,-0.016474570312997372
2004-10-01,0.01908509009027881
2004-10-08,-0.008306596224058715
2004-10-15,-0.0125005566321299
2004-10-22,-0.011307108255671494
2004-10-29,0.030964639878852118
2004-11-05,0.031330347771391764
2004-11-12,0.015317231763106065
2004-11-19,-0.011747868559573327
2004-11-26,0.010463427693512273
2004-12-03,0.007178350794400323
2004-12-10,-0.002664833380830345
2004-12-17,0.00520524315864801
2004-12-23,0.013251331886814377
2004-12-31,0.0014781191880413047
2005-01-07,-0.02145947480765642
2005-01-14,-0.0014087942461644687
2005-01-21,-0.014156073559719928
2005-01-28,0.0029838815501515015
2005-02-04,0.02667794433269499
2005-02-11,0.0018851408226758792
2005-02-18,-0.0030828878056947673
2005-02-25,0.00810629493523951
2005-03-04,0.00883510511406449
2005-03-11,-0.01819886693527284
2005-03-18,-0.008729018184973292
2005-03-24,-0.015442440713099082
2005-04-01,0.0012796779890216214
2005-04-08,0.0070344257391683485
2005-04-15,-0.03320696268688206
2005-04-22,0.008279852458059622
2005-04-29,0.004097054249991849
2005-05-06,0.012456135879915564
2005-05-13,-0.014879372142690528
2005-05-20,0.030070569216560372
2005-05-27,0.007956290783099007
2005-06-03,-0.002305002643669951
2005-06-10,0.0017459081390907016
2005-06-17,0.015610611052822243
2005-06-24,-0.021084193722623823
2005-07-01,0.0024056869166972916
2005-07-08,0.014478950141564084
2005-07-15,0.01316535980964062
2005-07-22,0.004679899482775696
2005-07-29,0.0004052093594939521
2005-08-05,-0.006307433485943648
2005-08-12,0.003231812276945689
2005-08-19,-0.008718110893212838
2005-08-26,-0.012050562460177439
2005-09-02,0.010664074798382828
2005-09-09,0.0190775942473822
2005-09-16,-0.0028796989960211405
2005-09-23,-0.018441737654689483
2005-09-30,0.011063505882018099
2005-10-07,-0.027147209351729096
2005-10-14,-0.007832313366948007
2005-10-21,-0.005899855044751767
2005-10-28,0.01582881492671362
2005-11-04,0.01796991197724296
2005-11-11,0.01187858168659961
2005-11-18,0.010914408483753135
2005-11-25,0.015879388740859923
2005-12-02,-0.00250267095850365
2005-12-09,-0.004523734554693348
2005-12-16,0.006292800003179444
2005-12-23,0.0010568601765807983
2005-12-30,-0.01618660614052203
2006-01-06,0.02933416748626083
2006-01-13,0.001678961672980428
2006-01-20,-0.02049422108046972
2006-01-27,0.017468536291472603
2006-02-03,-0.015457037798224604
2006-02-10,0.002338948192583068
2006-02-17,0.01585638289133584
2006-02-24,0.0016999184916901555
2006-03-03,-0.0017076948496326239
2006-03-10,-0.004523734921982658
2006-03-17,0.019956821719386397
2006-03-24,-0.003294807272044231
2006-03-31,-0.006220586663356897
2006-04-07,0.0004864208693255989
2006-04-13,-0.004936909851893212
2006-04-21,0.01704397034662808
2006-04-28,-0.0005111152725767454
2006-05-05,0.011493221207557802
2006-05-12,-0.026382898206202654
2006-05-19,-0.018927387317207334
2006-05-26,0.010309494752522852
2006-06-02,0.006276301359106284
2006-06-09,-0.028279498322109298
2006-06-16,-0.0006070755292908459
2006-06-23,-0.005640981361052511
2006-06-30,0.02044048698462486
2006-07-07,-0.0037228487662854803
2006-07-14,-0.023409362438413517
2006-07-21,0.0033031360799586906
2006-07-28,0.03038140695373759
2006-08-04,0.0006332795260988178
2006-08-11,-0.009913277934273879
2006-08-18,0.027685306386302067
2006-08-25,-0.005551805064141213
2006-09-01,0.012217675592125055
2006-09-08,-0.00926465631422868
2006-09-15,0.015840969595568133
2006-09-22,-0.003704780116430051
2006-09-29,0.01589840208575044
2006-10-06,0.010233042030585615
2006-10-13,0.011807716880054997
2006-10-20,0.002179767693548662
2006-10-27,0.0063657761632684995
2006-11-03,-0.00951256566081593
2006-11-10,0.01209396538659302
2006-11-17,0.01459349948203048
2006-11-24,-0.00017843442314369184
2006-12-01,-0.003031099833170181
2006-12-08,0.009356755542910378
2006-12-15,0.012161183399753028
2006-12-22,-0.011508808699009165
2006-12-29,0.005330432508318772
2007-01-05,-0.006075024054628564
2007-01-12,0.014800807735785959
2007-01-19,-0.0001607560399570218
2007-01-26,-0.005833089889481613
2007-02-02,0.018261661453177425
2007-02-09,-0.007157580998296886
2007-02-16,0.012081968511632013
2007-02-23,-0.002993123735307357
2007-03-02,-0.045118136617785076
2007-03-09,0.011232996808614892
2007-03-16,-0.011391672713664924
2007-03-23,0.034831002591785065
2007-03-30,-0.010675747381839074
2007-04-05,0.015988517060402607
2007-04-13,0.006276299455704404
2007-04-20,0.021449821772113076
2007-04-27,0.006526953728038798
2007-05-04,0.007700866627439851
2007-05-11,0.00015273670510485005
2007-05-18,0.011160403848791134
2007-05-25,-0.004620752834826547
2007-06-01,0.01350578436677985
2007-06-08,-0.018837500335198598
2007-06-15,0.016602470000222525
2007-06-22,-0.01999755259094993
2007-06-29,0.0005255759546933803
2007-07-06,0.017859301913817127
2007-07-13,0.014311297616502294
2007-07-20,-0.01192266060125835
2007-07-27,-0.05022690890459813
2007-08-03,-0.01790490597712413
2007-08-10,0.014258706584247882
2007-08-17,-0.005311177630922259
2007-08-24,0.022856729799079822
2007-08-31,-0.0036433153956121345
2007-09-07,-0.013964128838800605
2007-09-14,0.02090072030813861
2007-09-21,0.02757649827381936
2007-09-28,0.00065520067864
2007-10-05,0.0199984399720039
2007-10-12,0.002699300527381432
2007-10-19,-0.03995401035570545
2007-10-26,0.022827770452130025
2007-11-02,-0.016834941938838277
2007-11-09,-0.03776585503502883
2007-11-16,0.0034610458126174137
2007-11-23,-0.012443969981622338
2007-11-30,0.027682999093689098
2007-12-07,0.015754909985983723
2007-12-14,-0.02470014536683518
2007-12-21,0.011184207200229501
2007-12-28,-0.00402975357501667
2008-01-04,-0.04627622129748765
2008-01-11,-0.007544511568831069
2008-01-18,-0.05564475618335063
2008-01-25,0.004081671568542333
2008-02-01,0.047558004328839054
2008-02-08,-0.0470470504923588
2008-02-15,0.013948751340584487
2008-02-22,0.0023084580033208013
2008-02-29,-0.01675311756249709
2008-03-07,-0.028401306834058282
2008-03-14,-0.004051882142710461
2008-03-20,0.03161113174680086
2008-03-28,-0.010806530851623641
2008-04-04,0.04109875557364262
2008-04-11,-0.02779821737265209
2008-04-18,0.04223662922181237
2008-04-25,0.005387066335336144
2008-05-02,0.011423696864580002
2008-05-09,-0.0182862688541654
2008-05-16,0.026351789023723704
2008-05-23,-0.03528747538926069
2008-05-30,0.01761372656274851
2008-06-06,-0.02875901745738041
2008-06-13,-0.00047783482439367475
2008-06-20,-0.031444414781923946
2008-06-27,-0.030468709606330968
2008-07-03,-0.012182972589133811
2008-07-11,-0.01871068605040005
2008-07-18,0.016951304137378997
2008-07-25,-0.0023189317468945703
2008-08-01,0.002025400248498066
2008-08-08,0.028171670113357195
2008-08-15,0.0014492124968539244
2008-08-22,-0.00463249765056073
2008-08-29,-0.007277613615484846
2008-09-05,-0.03209594332390164
2008-09-12,0.007529990922365393
2008-09-19,0.0026966923094340345
2008-09-26,-0.033880070214147295
2008-10-03,-0.09870929380498872
2008-10-10,-0.20083750684272772
2008-10-17,0.04493710914575022
2008-10-24,-0.07022007468961178
2008-10-31,0.09976185757663192
2008-11-07,-0.03975805532799104
2008-11-14,-0.06398086199626363
2008-11-21,-0.08761840012984212
2008-11-28,0.1135589598792821
2008-12-05,-0.022762218682850666
2008-12-12,0.004169015067965631
2008-12-19,0.009221584878994271
2008-12-26,-0.01713018358684515
2009-01-02,0.06541176573438978
2009-01-09,-0.04550356961276503
2009-01-16,-0.04623710678266324
2009-01-23,-0.021605152823507723
2009-01-30,-0.007322866714633669
2009-02-06,0.0504332018992244
2009-02-13,-0.04927145388457266
2009-02-20,-0.07115580636440733
2009-02-27,-0.04646245479471123
2009-03-06,-0.07294189629435444
2009-03-13,0.10171752790409805
2009-03-20,0.015723973409290437
2009-03-27,0.059848242854689815
2009-04-03,0.032032836926433106
2009-04-09,0.016550703288577218
2009-04-17,0.015108942693009553
2009-04-24,-0.003882869082167062
2009-05-01,0.01294933076864524
2009-05-08,0.057256494794578394
2009-05-15,-0.05116696799695486
2009-05-22,0.004655685617374061
2009-05-29,0.03559348426268372
2009-06-05,0.022537177510062456
2009-06-12,0.0064889108996775136
2009-06-19,-0.026754843057869238
2009-06-26,-0.002532383299110208
2009-07-02,-0.024768294443378913
2009-07-10,-0.019476246408855147
2009-07-17,0.06735126643824163
2009-07-24,0.040513140391420954
2009-07-31,0.008359028549595138
2009-08-07,0.023024501521098806
2009-08-14,-0.006343760114742025
2009-08-21,0.02171276367152597
2009-08-28,0.002725030560982944
2009-09-04,-0.012252483732153152
2009-09-11,0.025575258601189255
2009-09-18,0.024226391159157146
2009-09-25,-0.022645233141014742
2009-10-02,-0.018525981082430754
2009-10-09,0.044152762230470266
2009-10-16,0.014996843328574094
2009-10-23,-0.007456457241310943
2009-10-30,-0.04104011216523329
2009-11-06,0.0314538068388206
2009-11-13,0.0223609781775167
2009-11-20,-0.001922297685961638
2009-11-27,0.00010077100362870794
2009-12-04,0.01318807557046231
2009-12-11,0.00038876870958137744
2009-12-18,-0.0035674796003553055
2009-12-24,0.021544618092781853
2009-12-31,-0.010153643406052737
2010-01-08,0.026443086670741245
2010-01-15,-0.007847398208725487
2010-01-22,-0.03974867182121766
2010-01-29,-0.016522140833441945
2010-02-05,-0.007177450351850467
2010-02-12,0.008703486059314258
2010-02-19,0.030817050561743997
2010-02-26,-0.004228346630442914
2010-03-05,0.030503536890327254
2010-03-12,0.009866020186556135
2010-03-19,0.008580577207681905
2010-03-26,0.0057511190403607415
2010-04-01,0.009818016660658735
2010-04-09,0.01371589462927858
2010-04-16,-0.0018772182340676125
2010-04-23,0.02087725802502316
2010-04-30,-0.025451016112644886
2010-05-07,-0.0660153706819786
2010-05-14,0.022079139500836398
2010-05-21,-0.04317551090409211
2010-05-28,0.0015801693791415161
2010-06-04,-0.022774175047656442
2010-06-11,0.02478236641397924
2010-06-18,0.02345851709390523
2010-06-25,-0.03714646355692519
2010-07-02,-0.051627679295271456
2010-07-09,0.05274146775984878
2010-07-16,-0.012208208415536603
2010-07-23,0.0348633519083803
2010-07-30,-0.0009618267145565795
2010-08-06,0.0180282667278151
2010-08-13,-0.0385255579201802
2010-08-20,-0.0070295687828920705
2010-08-27,-0.006647070094656371
2010-09-03,0.03681209018546561
2010-09-10,0.004552765120529045
2010-09-17,0.014352740539625763
2010-09-24,0.02029747723232944
2010-10-01,-0.0021177779278724884
2010-10-08,0.016362842966437086
2010-10-15,0.009430496197746052
2010-10-22,0.005840819311590195
2010-10-29,0.000152179317371548
2010-11-05,0.03536111182860857
2010-11-12,-0.021971487205065365
2010-11-19,0.0004335406645727957
2010-11-26,-0.008647516338642802
2010-12-03,0.029255050963860718
2010-12-10,0.012729878160295804
2010-12-17,0.002825744173330591
2010-12-23,0.010285281675701086
2010-12-31,0.0006920072880776118
2011-01-07,0.010960345150174078
2011-01-14,0.016953383802049693
2011-01-21,-0.007676861822902836
2011-01-28,-0.0054772473885478234
2011-02-04,0.02669445463405129
2011-02-11,0.013848623131249127
2011-02-18,0.010373712739784935
2011-02-25,-0.01737254381260911
2011-03-04,0.0009617604373666211
2011-03-11,-0.012851400985030459
2011-03-18,-0.019408517210097287
2011-03-25,0.026681069367276322
2011-04-01,0.014065619307944033
2011-04-08,-0.003187270042690926
2011-04-15,-0.006412764152521788
2011-04-21,0.01332315599010414
2011-04-29,0.019423103907939776
2011-05-06,-0.017316763788176814
2011-05-13,-0.0018147564709067865
2011-05-20,-0.0033694771999863704
2011-05-27,-0.00162893628369698
2011-06-03,-0.02351829007278372
2011-06-10,-0.022699119261457845
2011-06-17,0.0004090651736428086
2011-06-24,-0.0024016618633373454
2011-07-01,0.05462770380420778
2011-07-08,0.003078110146764068
2011-07-15,-0.020798236347126853
2011-07-22,0.021705676080845393
2011-07-29,-0.04000077511378031
2011-08-05,-0.07460336180971527
2011-08-12,-0.017299255678742576
2011-08-19,-0.048029964731206576
2011-08-26,0.04632339157548593
2011-09-02,-0.002407789229224022
2011-09-09,-0.016957705055722805
2011-09-16,0.05214157775950401
2011-09-23,-0.06768319809609302
2011-09-30,-0.004418297447963404
2011-10-07,0.021024979457494375
2011-10-14,0.05809939280277199
2011-10-21,0.011101200352011453
2011-10-28,0.0371296358615778
2011-11-04,-0.025104525780291986
2011-11-11,0.008438396239552226
2011-11-18,-0.03888366589861825
2011-11-25,-0.04800609933299249
2011-12-02,0.07128423910726411
2011-12-09,0.008729835859541346
2011-12-16,-0.02871474928590967
2011-12-23,0.03676076369428216
2011-12-30,-0.0061277993417796495
2012-01-06,0.015942597670248304
2012-01-13,0.00878879543246569
2012-01-20,0.02018908435862521
2012-01-27,0.00072192685009842
2012-02-03,0.02147215077228637
2012-02-10,-0.0016818425027533834
2012-02-17,0.013750851896370264
2012-02-24,0.003307710874412173
2012-03-02,0.002844235061087552
2012-03-09,0.0009049371170366527
2012-03-16,0.024000841091317504
2012-03-23,-0.00504060563401687
2012-03-30,0.008098181667200777
2012-04-05,-0.007404152954013199
2012-04-13,-0.02009932515552393
2012-04-20,0.006017224913769326
2012-04-27,0.017851615464855364
2012-05-04,-0.02471577840449246
2012-05-11,-0.01154100505442024
2012-05-18,-0.043932024570703554
2012-05-25,0.017298272712800156
2012-06-01,-0.030651130329927945
2012-06-08,0.036582789390574355
2012-06-15,0.01287627458610796
2012-06-22,-0.005840460867788444
2012-06-29,0.02012541209615648
2012-07-06,-0.005506396149477233
2012-07-13,0.0015489628138256606
2012-07-20,0.004324430049662098
2012-07-27,0.016961537783217295
2012-08-03,0.003615482065894682
2012-08-10,0.01064060802152067
2012-08-17,0.008703956022868553
2012-08-24,-0.004969475289350989
2012-08-31,-0.003229610582972775
2012-09-07,0.022036460701885474
2012-09-14,0.01918305977781465
2012-09-21,-0.0038415286999198273
2012-09-28,-0.013430872906686098
